;loss;CategoricalAccuracy;precision;recall;f1;fbeta;specificity;negative_predictive_value;matthews_correlation_coefficient;equal_error_rate;tp rate;fp rate;epochs;batch_size;steps_per_epoch;optimizer;layers names;layers shapes;input_size;equilibrage
1619698871;0.03659;0.99333;0.99364;0.99313;0.99338;0.99313;0.99937;0.99931;0.99272;0.01798;0.99291;0.00022;30;256;128;adam;dense dense_1 dense_2;256 256 11;5007.0;False
1619699661;0.2471;0.95639;0.95644;0.95628;0.95636;0.95628;0.99565;0.99563;0.952;0.03651;0.0;0.00777;30;256;128;sgd;dense dense_1 dense_2;256 256 11;5007.0;False
1619700815;0.03148;0.99204;0.99235;0.99184;0.99209;0.99184;0.99924;0.99919;0.99131;0.01698;0.97794;0.00016;30;2048;16;adam;dense dense_1 dense_2;256 256 11;5007.0;False
1619703216;0.03782;0.99277;0.99282;0.99267;0.99274;0.99267;0.99928;0.99927;0.99202;0.02094;0.97561;0.0;60;256;128;adam;dense dense_1 dense_2;256 256 11;5007.0;False
1619704087;0.1327;0.96114;0.96308;0.95918;0.9611;0.95918;0.99632;0.99592;0.95724;0.022;0.91515;0.0;30;256;128;adam;dense dense_1 dense_2;256 256 11;5007.0;True
1619706017;0.07941;0.97949;0.9804;0.97831;0.97934;0.97831;0.99804;0.99783;0.97728;0.01939;0.93706;0.00011;60;256;128;adam;dense dense_1 dense_2;256 256 11;5007.0;True
1619706783;0.49193;0.87903;0.92139;0.82796;0.87145;0.82796;0.99293;0.98299;0.86133;0.05169;0.71345;0.0;30;256;128;sgd;dense dense_1 dense_2;256 256 11;5007.0;True
1619707931;0.13134;0.95716;0.95868;0.95546;0.95704;0.95546;0.99588;0.99555;0.95278;0.02202;0.91971;0.0;30;1024;32;adam;dense dense_1 dense_2;256 256 11;5007.0;True
1619713263;0.03801;0.99199;0.9924;0.99158;0.99198;0.99158;0.99924;0.99916;0.99119;0.01711;0.952;0.00011;30;256;128;adam;dense dense_1 dense_2;256 256 11;1196.0;False
1619715575;0.05224;0.99142;0.99148;0.99122;0.99135;0.99122;0.99915;0.99912;0.99048;0.0207;0.97521;0.00011;60;256;128;adam;dense dense_1 dense_2;256 256 11;1196.0;False
1619717898;0.04011;0.99044;0.99096;0.99019;0.99056;0.99019;0.9991;0.99902;0.98963;0.01726;0.94964;0.00016;30;2048;16;adam;dense dense_1 dense_2;256 256 11;1196.0;False
1619718619;0.12001;0.96507;0.96636;0.96364;0.96498;0.96364;0.99665;0.99637;0.9615;0.02142;0.90728;0.0;60;256;128;adam;dense dense_1 dense_2;256 256 11;1196.0;True
1619720550;0.03943;0.99235;0.99266;0.99215;0.9924;0.99215;0.99927;0.99922;0.99165;0.02158;0.976;5,00E-05;30;256;128;adam;dense dense_1 dense_2 dense_3;512 256 256 11;1196.0;False
1619725882;0.04877;0.99054;0.99075;0.99044;0.99059;0.99044;0.99908;0.99905;0.98966;0.01868;0.94697;0.00016;30;1024;32;adam;dense dense_1 dense_2 dense_3;512 256 256 11;1196.0;False
1619726794;0.0374;0.99277;0.99293;0.99253;0.99273;0.99253;0.9993;0.99925;0.992;0.02044;0.96094;0.0;30;1024;32;adam;dense dense_1 dense_2 dense_3;512 256 256 11;5007.0;False
1619728182;0.03803;0.99292;0.99303;0.99292;0.99297;0.99292;0.9993;0.99929;0.99227;0.01993;0.99265;0.00027;30;256;128;adam;dense dense_1 dense_2 dense_3;512 256 256 11;5007.0;False
1619770103;0.04264;0.99349;0.99349;0.99339;0.99344;0.99339;0.99935;0.99934;0.99278;0.0345;0.97414;0.00011;60;256;128;adam;dense dense_1 dense_2 dense_3;512 256 256 11;5007.0;False
1619771725;0.09206;0.98124;0.98194;0.98053;0.98122;0.98053;0.9982;0.99806;0.97936;0.01912;0.92029;0.00011;60;256;128;adam;dense dense_1 dense_2 dense_3;512 256 256 11;5007.0;True
1619774020;0.05957;0.99194;0.99199;0.99194;0.99197;0.99194;0.9992;0.9992;0.99117;0.02346;0.97403;0.00022;60;256;128;adam;dense dense_1 dense_2 dense_3 dense_4;2048 1024 512 256 11;5007.0;False
1619777106;0.09136;0.98109;0.98129;0.98089;0.98109;0.98089;0.99813;0.99809;0.9792;0.01897;0.9635;0.0;60;256;128;adam;dense dense_1 dense_2 dense_3 dense_4;2048 1024 512 256 11;11385.0;True
1619778930;0.04183;0.99251;0.99251;0.99251;0.99251;0.99251;0.99251;0.99251;0.98502;0.02462;0.93514;0.00521;30;256;128;adam;dense dense_1 dense_2 dense_3;1024 512 256 2;11385.0;False
1619783416;0.04432;0.99426;0.99427;0.99427;0.99427;0.99427;0.99427;0.99427;0.98853;0.03078;0.92593;0.00275;60;256;128;adam;dense dense_1 dense_2 dense_3;1024 512 256 2;11385.0;False
1619786487;0.06225;0.99277;0.99277;0.99277;0.99277;0.99277;0.99277;0.99277;0.98554;0.03327;0.92766;0.00447;60;256;128;adam;dense dense_1 dense_2 dense_3 dense_4;2048 1024 512 256 2;11385.0;False
1619788857;0.12495;0.95825;0.95821;0.95821;0.95821;0.95821;0.95821;0.95821;0.91643;0.04013;0.0;0.04175;45;256;128;sgd;dense dense_1 dense_2 dense_3;1024 512 256 2;11385.0;False
1619791268;0.03624;0.99261;0.99261;0.99261;0.99261;0.99261;0.99261;0.99261;0.98523;0.02082;0.9309;0.00484;45;2048;16;adam;dense dense_1 dense_2;512 256 2;11385.0;False
1619793108;0.03597;0.99251;0.99251;0.99251;0.99251;0.99251;0.99251;0.99251;0.98502;0.02676;0.90718;0.00377;30;256;128;adam;dense dense_1 dense_2 dense_3;256 256 256 2;11385.0;False
